task_id,wave,responsibility,phase_rank,shared_work_surface,atomic_surfaces,row_count,incorrect_count,missing_count,row_id_ranges,depends_on,dependency_reasons
TASK-001,0,Cross-Phase / Build Setup and Infrastructure,0,unmapped/no-compiler-location,unmapped/no-compiler-location,253,0,253,"1-8,10,12-14,16,20,22-24,34-63,66-69,76,113-115,117-119,123-127,129,131,134-135,138,140,147-149,151,155-159,161-162,164-182,189,192-196,200-201,203,208,213-214,216,218,221,223,225,228,235-236,244-247,306-307,311,314-318,325-326,330,332,334,336-342,354-357,375-376,378-379,384,389,394,418,421-423,431-432,434,439,444-446,455,460,465,468-469,477,484-486,490,493,496,502,524-580,737-738,740-741,747-748,751-752,773,804-805,809-815",,
TASK-002,0,Cross-Phase / Build Setup and Infrastructure,0,compiler/02_source,compiler/02_source,153,153,0,"25-33,70-75,77-112,150,183,185,588,593,598,600-601,603-604,609,613,617-618,620,625,629-632,637,640-643,646,648,650-657,659-661,663,665-668,670-671,674-678,696-700,702-717,719-720,725-726,729-731,734,736,739,743-746,749-750,753-754,756,760-761,764-767,771,779,786,793,796,808",,
TASK-003,0,Cross-Phase / Build Setup and Infrastructure,0,compiler/01_project,compiler/01_project,23,23,0,"303,312,319-323,335,353,393,415,433,441,443,448,452,466,470-472,474,479,481",,
TASK-004,0,Cross-Phase / Build Setup and Infrastructure,0,compiler/00_core,compiler/00_core,12,12,0,"120-122,130,132-133,136-137,413,581-582,584",,
TASK-005,0,Cross-Phase / Build Setup and Infrastructure,0,compiler/04_analysis,compiler/04_analysis,14,14,0,"9,11,15,17-19,21,65,116,128,139,288,723-724",,
TASK-013,0,Phase 1 - Parse and Aggregate,1,compiler/05_codegen,compiler/05_codegen,15,15,0,"1493,1650,2052-2053,2056,2060,2119,2197,2242,2245,2931-2932,3155-3156,3158",,
TASK-020,0,Phase 1 - Parse and Aggregate,1,runtime/src/concurrency,runtime/src/concurrency,1,1,0,2852,,
TASK-059,0,Phase 4 - Lower and Emit,4,runtime/src/context,runtime/src/context,2,2,0,8221-8222,,
TASK-060,0,Phase 4 - Lower and Emit,4,runtime/src/internal + runtime/src/memory,runtime/src/internal + runtime/src/memory,2,2,0,"7162,7178",,
TASK-066,0,Phase 4 - Lower and Emit,4,compiler/06_driver,compiler/06_driver,1,1,0,7805,,
TASK-070,0,Runtime / Non-Compilation Semantics,5,runtime/src/memory,runtime/src/memory,36,23,13,"9391-9395,9397-9407,9411-9415,9419,9428-9437,9446-9449",,
TASK-075,0,Runtime / Non-Compilation Semantics,5,runtime/src/io,runtime/src/io,9,9,0,"8921,8957,8962,8964,8977-8978,8993,8997-8998",,
TASK-104,0,Runtime / Non-Compilation Semantics,5,runtime/src/core,runtime/src/core,1,1,0,9513,,
TASK-006,1,Cross-Phase / Build Setup and Infrastructure,0,compiler/02_source + compiler/04_analysis,compiler/02_source + compiler/04_analysis,13,13,0,"682,684-692,695,722,757","TASK-002,TASK-005",TASK-002:same-phase/integration-after-component-fixes; TASK-005:same-phase/integration-after-component-fixes
TASK-007,1,Cross-Phase / Build Setup and Infrastructure,0,compiler/01_project + compiler/06_driver,compiler/01_project + compiler/06_driver,1,1,0,191,TASK-003,TASK-003:same-phase/integration-after-component-fixes
TASK-008,1,Phase 1 - Parse and Aggregate,1,compiler/02_source,compiler/02_source,427,427,0,"836,874,877,892,897,938,940,959,995,1019-1023,1025,1028,1030-1031,1049,1072-1073,1082-1084,1088-1093,1096,1109,1119,1137-1140,1157,1178-1180,1196,1206,1215-1216,1219,1221,1250,1259,1264,1268-1270,1276-1277,1280,1288,1290,1326,1337,1345-1346,1354-1359,1362-1363,1367,1370-1371,1375-1379,1384-1386,1406,1416-1427,1430,1432,1439,1443-1446,1448-1453,1490,1499-1505,1517,1521-1523,1550,1553,1555-1556,1558,1561-1563,1568,1571,1574,1578-1579,1581,1585,1591,1608-1609,1625-1626,1631,1635-1636,1638-1641,1644,1646,1649,1652,1655,1671-1674,1676-1678,1689,1692,1694,1698-1700,1705-1707,1713,1720,1734,1752-1754,1757-1758,1765,1767,1772-1773,1776,1791-1794,1803,1807-1810,1817-1818,1878,1900,1903-1904,1907-1908,1916,1919-1920,1923-1924,1926-1927,1929,1933-1934,1941,1945,1948-1953,1959,1962,1964,1975,1978-1979,2069-2071,2073-2075,2121,2136,2138,2141,2149,2153-2154,2160,2162-2164,2176,2205,2209-2210,2212,2214,2231,2234-2238,2256-2257,2260,2272,2276,2278,2283,2319,2344-2346,2350,2355,2363-2364,2368,2373-2374,2377-2380,2401-2403,2413,2415,2419,2424-2425,2427-2429,2440,2448,2462,2470,2498,2517,2523-2524,2526,2537,2545,2549-2551,2562-2563,2569,2577,2580,2585,2589,2597,2607,2610,2628,2647,2657,2702-2703,2705,2707,2714,2728-2729,2738,2783-2784,2797,2810,2813,2830-2831,2833,2893,2896,2943-2944,2947,2952-2954,2965-2966,2968-2969,2988,3069,3073,3078,3086-3088,3103-3105,3108,3110,3118,3121-3123,3126,3128-3129,3133-3134,3182,3184-3185,3187-3188,3191-3195,3197-3202,3216,3229-3231,3251,3254-3255,3264-3266,3296-3297,3300-3301,3306-3310,3312-3315,3317-3321,3323-3324,3327-3328,3332,3336-3337,3341-3344,3346-3354,3357-3358,3360-3361",TASK-002,TASK-002:phase-prerequisite/exact-surface
TASK-009,1,Phase 1 - Parse and Aggregate,1,unmapped/no-compiler-location,unmapped/no-compiler-location,414,0,414,"816,819,832-834,853,858,868,893-894,898,913,920-922,928,933,936,939,942,948,951,953,956,961,963,965,973,975,980,982,985,987,991,996,998,1002,1004,1010-1011,1018,1035,1037,1045,1050,1053-1056,1061-1067,1074,1079,1085-1087,1094,1097,1099,1120,1136,1142,1147,1158,1172,1175,1181,1183,1195,1199,1224,1244-1248,1254-1257,1260,1263,1279,1287,1289,1294,1303,1305,1311,1314,1319,1322,1325,1329,1347-1348,1353,1360,1364,1369,1372,1382-1383,1389,1391,1393,1403-1405,1407,1409,1483,1491,1528,1533-1534,1606-1607,1662,1768,1833,1844,1859,1895,1901,1935-1939,1944,1957-1958,1963,1985-1986,1989,1999,2002-2008,2011-2013,2015,2017-2019,2026-2035,2038,2043-2044,2061,2065,2072,2079-2080,2123,2244,2371,2397,2405,2492,2500,2513-2514,2519-2520,2538-2539,2558-2559,2617-2620,2635,2661-2662,2672-2674,2676-2679,2682-2683,2688-2699,2709-2712,2717,2719-2720,2722-2723,2725-2727,2733-2735,2739,2743-2758,2761-2767,2774-2781,2801-2804,2824-2825,2838-2843,2926,2937,2945-2946,2948-2949,2951,2955-2964,2967,2970-2987,2989-2994,3009-3026,3030,3032,3034-3051,3053-3065,3070-3071,3079-3085,3089,3091-3102,3106-3107,3111-3117,3119-3120,3124-3125,3127,3135-3136,3148-3149,3152,3159,3207,3267",TASK-001,TASK-001:phase-prerequisite/exact-surface
TASK-010,1,Phase 1 - Parse and Aggregate,1,compiler/04_analysis,compiler/04_analysis,107,102,5,"988,992,994,1455,1478-1479,1485-1486,1488,1524,1526-1527,1710,1750-1751,1777,1788-1790,1795-1799,1801,1814,1825-1826,1940,2009-2010,2063,2078,2081-2083,2087,2089,2095-2097,2099-2100,2103,2108,2129-2135,2155-2156,2183,2187,2192,2196,2270-2271,2284-2285,2288,2381-2382,2503,2507-2509,2511-2512,2515,2553,2555,2557,2590,2599-2600,2659-2660,2663-2671,2675,2680-2681,2701,2732,2740-2742,2768-2769,2772-2773,2800,2837,2846,2930,3000,3151",TASK-005,TASK-005:phase-prerequisite/exact-surface
TASK-012,1,Phase 1 - Parse and Aggregate,1,compiler/00_core,compiler/00_core,20,20,0,"822-824,864,900-901,904-912,916,960,983,986,1320",TASK-004,TASK-004:phase-prerequisite/exact-surface
TASK-014,1,Phase 1 - Parse and Aggregate,1,compiler/01_project,compiler/01_project,4,4,0,"3150,3213-3215",TASK-003,TASK-003:phase-prerequisite/exact-surface
TASK-032,1,Phase 3 - Resolve and Typecheck,3,compiler/05_codegen,compiler/05_codegen,16,16,0,"4150,4152,4154,4157,4160,4609-4610,4615,4861,5208-5209,5237,6356,6527,6619,6631",TASK-013,TASK-013:phase-prerequisite/exact-surface
TASK-038,1,Phase 3 - Resolve and Typecheck,3,runtime/src/concurrency,runtime/src/concurrency,2,2,0,"6272,6277",TASK-020,TASK-020:phase-prerequisite/exact-surface
TASK-045,1,Phase 4 - Lower and Emit,4,compiler/01_project,compiler/01_project,40,40,0,"6683,6687,6700,6707,6711-6712,6715,6736-6737,6742-6744,6751-6752,6787,6795,6797-6798,6800,6802,6804,6806,6809-6810,6814-6817,6820-6821,6823,6825,6832,6838-6839,6843,6845,7924-7925,7929",TASK-003,TASK-003:phase-prerequisite/exact-surface
TASK-078,1,Runtime / Non-Compilation Semantics,5,runtime/include + runtime/src/internal + runtime/src/io,runtime/include + runtime/src/internal + runtime/src/io,5,5,0,"8981-8984,8991",TASK-075,TASK-075:same-phase/integration-after-component-fixes
TASK-084,1,Runtime / Non-Compilation Semantics,5,runtime/include + runtime/src/io,runtime/include + runtime/src/io,3,3,0,"8910,8951-8952",TASK-075,TASK-075:same-phase/integration-after-component-fixes
TASK-085,1,Runtime / Non-Compilation Semantics,5,runtime/src/internal + runtime/src/io,runtime/src/internal + runtime/src/io,3,3,0,"8904,8992,8994",TASK-075,TASK-075:same-phase/integration-after-component-fixes
TASK-102,1,Runtime / Non-Compilation Semantics,5,runtime/src/context,runtime/src/context,1,1,0,10233,TASK-059,TASK-059:phase-prerequisite/exact-surface
TASK-011,2,Phase 1 - Parse and Aggregate,1,compiler/02_source + compiler/04_analysis,compiler/02_source + compiler/04_analysis,32,32,0,"1484,1487,1489,1506-1507,1510-1512,1516,1518,1525,1709,2122,2685-2686,3007,3028-3029,3052,3072,3090,3160-3168,3180-3181","TASK-006,TASK-008,TASK-010",TASK-006:phase-prerequisite/exact-surface; TASK-008:same-phase/integration-after-component-fixes; TASK-010:same-phase/integration-after-component-fixes
TASK-015,2,Phase 1 - Parse and Aggregate,1,compiler/00_core + compiler/02_source,compiler/00_core + compiler/02_source,3,3,0,"835,932,1321","TASK-002,TASK-004,TASK-008,TASK-012",TASK-004:phase-prerequisite/component-surface; TASK-002:phase-prerequisite/component-surface; TASK-012:same-phase/integration-after-component-fixes; TASK-008:same-phase/integration-after-component-fixes
TASK-016,2,Phase 1 - Parse and Aggregate,1,compiler/00_core + compiler/04_analysis,compiler/00_core + compiler/04_analysis,2,2,0,"1494,1496","TASK-004,TASK-005,TASK-010,TASK-012",TASK-004:phase-prerequisite/component-surface; TASK-005:phase-prerequisite/component-surface; TASK-012:same-phase/integration-after-component-fixes; TASK-010:same-phase/integration-after-component-fixes
TASK-017,2,Phase 1 - Parse and Aggregate,1,compiler/01_project + compiler/04_analysis,compiler/01_project + compiler/04_analysis,1,1,0,1410,"TASK-003,TASK-005,TASK-010,TASK-014",TASK-003:phase-prerequisite/component-surface; TASK-005:phase-prerequisite/component-surface; TASK-014:same-phase/integration-after-component-fixes; TASK-010:same-phase/integration-after-component-fixes
TASK-018,2,Phase 1 - Parse and Aggregate,1,compiler/02_source + compiler/05_codegen,compiler/02_source + compiler/05_codegen,1,1,0,2634,"TASK-002,TASK-008,TASK-013",TASK-002:phase-prerequisite/component-surface; TASK-008:same-phase/integration-after-component-fixes; TASK-013:same-phase/integration-after-component-fixes
TASK-019,2,Phase 1 - Parse and Aggregate,1,compiler/04_analysis + compiler/05_codegen,compiler/04_analysis + compiler/05_codegen,1,1,0,2062,"TASK-005,TASK-010,TASK-013",TASK-005:phase-prerequisite/component-surface; TASK-010:same-phase/integration-after-component-fixes; TASK-013:same-phase/integration-after-component-fixes
TASK-021,2,Phase 2 - ExecuteComptime,2,compiler/00_core + compiler/03_comptime + compiler/04_analysis,compiler/00_core + compiler/03_comptime + compiler/04_analysis,135,0,135,"3376-3390,3393-3394,3396,3398-3399,3405-3409,3411,3433,3435-3439,3442-3449,3464-3465,3467-3469,3471,3475-3476,3478,3480,3482-3486,3488,3490-3494,3496,3502-3505,3507-3516,3518-3519,3523,3533-3534,3536-3538,3548-3562,3564-3568,3571-3573,3576-3581,3584-3586,3588-3589,3591-3593,3597-3605,3608-3612","TASK-001,TASK-009",TASK-001:phase-prerequisite/exact-surface; TASK-009:phase-prerequisite/exact-surface
TASK-022,2,Phase 2 - ExecuteComptime,2,compiler/02_source,compiler/02_source,44,44,0,"3391,3401-3403,3410,3416,3418-3419,3421-3424,3426,3431-3432,3434,3440-3441,3457-3459,3461-3462,3466,3470,3477,3489,3495,3501,3506,3520-3522,3525,3532,3535,3540,3542-3545,3547,3582,3594","TASK-002,TASK-008",TASK-002:phase-prerequisite/exact-surface; TASK-008:phase-prerequisite/exact-surface
TASK-023,2,Phase 2 - ExecuteComptime,2,compiler/04_analysis,compiler/04_analysis,11,11,0,"3372,3392,3397,3499-3500,3563,3569-3570,3590,3595,3606","TASK-005,TASK-010",TASK-005:phase-prerequisite/exact-surface; TASK-010:phase-prerequisite/exact-surface
TASK-037,2,Phase 3 - Resolve and Typecheck,3,compiler/05_codegen + runtime/src/concurrency,compiler/05_codegen + runtime/src/concurrency,2,2,0,"5937,5939","TASK-013,TASK-020,TASK-032,TASK-038",TASK-013:phase-prerequisite/component-surface; TASK-020:phase-prerequisite/component-surface; TASK-032:same-phase/integration-after-component-fixes; TASK-038:same-phase/integration-after-component-fixes
TASK-039,2,Phase 3 - Resolve and Typecheck,3,compiler/00_core,compiler/00_core,1,1,0,4391,"TASK-004,TASK-012",TASK-004:phase-prerequisite/exact-surface; TASK-012:phase-prerequisite/exact-surface
TASK-043,2,Phase 4 - Lower and Emit,4,compiler/05_codegen,compiler/05_codegen,333,312,21,"6872,6886-6887,6904-6905,6917,6936,6939-6944,6971-6973,6975,6977-6981,6986,7001-7003,7005-7008,7019-7020,7083-7084,7099,7102,7107,7121-7124,7129,7138,7144,7161,7177,7184-7185,7217,7227,7232,7242-7243,7253,7255-7257,7259-7260,7265,7286,7312,7325-7327,7332-7334,7336-7338,7340,7342,7347,7353-7356,7360-7361,7365,7368-7370,7387-7390,7397,7399-7401,7416,7420-7427,7432,7437,7439,7441-7442,7450,7455,7459,7461,7466,7469-7471,7474-7493,7499-7500,7567,7588,7593-7600,7607,7686,7700-7702,7704,7786-7787,7791,7800,7871-7872,7938,7948,7950-7952,7954,7989-7990,8001-8002,8005,8007-8008,8016,8047,8052,8085,8095-8096,8099,8102-8104,8109,8113,8123,8127-8128,8141-8142,8168,8178,8182,8184,8196,8201-8202,8213-8215,8232-8233,8235,8237-8238,8240-8241,8245,8247-8250,8252,8264,8272-8274,8277-8278,8280-8281,8286,8289,8300-8302,8313,8397,8419-8420,8422,8460,8475,8477-8482,8484-8486,8493,8503,8525,8528,8537,8539-8540,8543,8553,8558-8559,8564-8566,8574-8577,8584,8586-8587,8592,8595-8598,8601,8603,8605-8607,8610-8611,8613-8614,8616-8618,8623-8624,8626,8628-8630,8633,8635-8639,8642-8647,8656-8664,8676-8677,8683,8688-8689,8701-8704,8709-8711,8718-8719,8721-8722,8724,8729,8731,8733-8735,8737,8745-8746,8757-8759",TASK-032,TASK-032:phase-prerequisite/exact-surface
TASK-056,2,Phase 4 - Lower and Emit,4,compiler/01_project + compiler/06_driver,compiler/01_project + compiler/06_driver,2,2,0,"6767,7804","TASK-007,TASK-045,TASK-066",TASK-007:phase-prerequisite/exact-surface; TASK-045:same-phase/integration-after-component-fixes; TASK-066:same-phase/integration-after-component-fixes
TASK-073,2,Runtime / Non-Compilation Semantics,5,runtime/src/concurrency,runtime/src/concurrency,28,26,2,"10190,10198,10213,10230,10242,10244,10251,10268,10271,10273-10275,10282,10287,10289-10291,10307-10308,10313-10316,10327-10328,10331-10332,10334",TASK-038,TASK-038:phase-prerequisite/exact-surface
TASK-103,2,Runtime / Non-Compilation Semantics,5,runtime/src/context + runtime/src/internal + runtime/src/io,runtime/src/context + runtime/src/internal + runtime/src/io,1,1,0,8822,"TASK-059,TASK-075,TASK-102",TASK-059:phase-prerequisite/component-surface; TASK-102:same-phase/integration-after-component-fixes; TASK-075:same-phase/integration-after-component-fixes
TASK-024,3,Phase 2 - ExecuteComptime,2,compiler/02_source + compiler/04_analysis,compiler/02_source + compiler/04_analysis,9,9,0,"3370-3371,3373,3375,3395,3456,3460,3481,3517","TASK-006,TASK-011,TASK-022,TASK-023",TASK-006:phase-prerequisite/exact-surface; TASK-011:phase-prerequisite/exact-surface; TASK-022:same-phase/integration-after-component-fixes; TASK-023:same-phase/integration-after-component-fixes
TASK-025,3,Phase 2 - ExecuteComptime,2,compiler/00_core + compiler/04_analysis,compiler/00_core + compiler/04_analysis,1,1,0,3587,"TASK-004,TASK-005,TASK-016,TASK-023",TASK-004:phase-prerequisite/component-surface; TASK-005:phase-prerequisite/component-surface; TASK-016:phase-prerequisite/exact-surface; TASK-023:same-phase/integration-after-component-fixes
TASK-026,3,Phase 2 - ExecuteComptime,2,compiler/04_analysis + compiler/05_codegen,compiler/04_analysis + compiler/05_codegen,1,1,0,3455,"TASK-005,TASK-019,TASK-023",TASK-005:phase-prerequisite/component-surface; TASK-019:phase-prerequisite/exact-surface; TASK-023:same-phase/integration-after-component-fixes
TASK-027,3,Phase 3 - Resolve and Typecheck,3,compiler/04_analysis,compiler/04_analysis,504,483,21,"3614,3620,3627-3629,3645-3646,3656,3660,3666,3669,3675,3677,3681,3692,3698,3703,3705-3706,3719,3722-3723,3761,3769-3770,3779,3787,3810-3811,3818-3820,3850,3865,3914,3916,3947,3954,3963,3973,3977-3979,3981,3983,4001,4009,4023-4026,4033-4034,4037-4038,4054-4055,4057-4060,4062,4064-4066,4105,4107-4110,4118,4120,4122,4125-4126,4129-4131,4183,4187,4205-4207,4209-4211,4225-4226,4238,4249,4252-4253,4256-4257,4259,4261-4262,4265-4266,4268,4270-4272,4280,4289,4297-4298,4305,4307,4310,4325,4333,4344,4565,4573,4578-4579,4581,4591-4595,4621-4622,4624-4625,4696-4697,4700-4701,4711-4713,4725-4726,4748,4755,4757,4759,4769-4770,4780,4782-4788,4814-4819,4828,4831,4840,4849,4854-4857,4859-4860,4864,4868-4870,4906,4917,4922,4928-4929,4932,5003-5009,5018-5021,5024-5026,5028-5029,5032,5034-5039,5056,5074,5105-5106,5108-5109,5112-5117,5119-5121,5123-5125,5128-5129,5131,5134,5144-5145,5147-5148,5152,5156-5157,5159,5164,5170,5197-5198,5230,5241,5246,5248,5257-5259,5264,5266-5267,5271,5277-5278,5280,5285,5287-5288,5298,5300,5304,5308-5309,5314-5315,5320,5323,5325,5343,5350-5352,5363,5368,5370,5373-5376,5384,5403-5407,5418,5432,5435-5437,5439-5440,5443-5444,5452-5459,5464-5468,5471,5530,5548,5552-5554,5574,5587,5601,5605-5607,5610-5618,5622-5623,5628,5653-5654,5659-5660,5664-5666,5672,5675-5677,5682-5686,5690-5692,5701-5703,5708,5711,5713,5721,5731,5735,5737,5740-5743,5748,5804,5840-5841,5849,5857-5858,5861-5862,5864-5865,5874,5876,5886,5894,5930-5931,5934,5938,5940-5941,5943,5949,5970-5971,5978,5985,5987,5994,6002-6004,6007,6023-6024,6026-6029,6033-6034,6041,6043-6045,6056,6060,6064-6067,6080,6086-6087,6090,6095,6108,6112,6120,6124,6136,6138-6139,6142-6143,6155-6159,6161-6163,6167-6171,6173,6175-6176,6179,6181-6182,6186-6187,6189,6192,6195,6198-6203,6206,6208,6212-6213,6223-6225,6227,6245,6248,6251-6252,6256-6257,6278,6281-6283,6285,6287,6307,6336,6339,6343,6357-6359,6368,6372-6376,6379,6440,6454-6455,6457,6464-6468,6476,6494,6533,6584,6590,6598,6603,6666,6668,6671","TASK-005,TASK-010,TASK-023",TASK-005:phase-prerequisite/exact-surface; TASK-010:phase-prerequisite/exact-surface; TASK-023:phase-prerequisite/exact-surface
TASK-028,3,Phase 3 - Resolve and Typecheck,3,unmapped/no-compiler-location,unmapped/no-compiler-location,238,0,238,"3613,3626,3699,3707-3710,3718,3726-3730,3750-3751,3783-3785,3801,3821,3845,3882-3883,3886-3887,3891,3900,3905,3911,3917,3923,3926,3937,3951,3961-3962,3966,3972,3976,3980,3984,4068,4074,4123-4124,4138,4144,4148,4212-4213,4216,4220,4227-4228,4250,4254,4258,4267,4269,4290,4296,4349,4355-4357,4364,4371-4372,4374,4384,4392,4401,4413,4422,4430,4458,4464,4544-4547,4608,4611-4612,4614,4765-4768,5022-5023,5030-5031,5111,5127,5140-5142,5226-5229,5235-5236,5243,5261,5268,5306,5328-5341,5395-5397,5400,5412-5415,5417,5421-5422,5469-5470,5503-5506,5527-5529,5693,5695-5697,5828,5859,5947,5950-5951,5954,5957,5968-5969,5972-5977,5981-5983,5986,5988,6001,6005-6006,6008,6011-6012,6019-6021,6035-6040,6046-6052,6055,6057-6059,6061,6068-6070,6073-6076,6078,6088,6091,6093,6096,6098-6099,6101,6105-6106,6110-6111,6135,6149-6150,6172,6177,6184-6185,6188,6197,6205,6211,6228-6234,6244,6250,6259,6360,6365,6528,6620,6643","TASK-001,TASK-009,TASK-021",TASK-001:phase-prerequisite/exact-surface; TASK-009:phase-prerequisite/exact-surface; TASK-021:phase-prerequisite/exact-surface
TASK-035,3,Phase 3 - Resolve and Typecheck,3,compiler/02_source,compiler/02_source,2,2,0,4403-4404,"TASK-002,TASK-008,TASK-022",TASK-002:phase-prerequisite/exact-surface; TASK-008:phase-prerequisite/exact-surface; TASK-022:phase-prerequisite/exact-surface
TASK-041,3,Phase 3 - Resolve and Typecheck,3,compiler/00_core + compiler/05_codegen,compiler/00_core + compiler/05_codegen,1,1,0,5495,"TASK-004,TASK-012,TASK-013,TASK-032,TASK-039",TASK-004:phase-prerequisite/component-surface; TASK-012:phase-prerequisite/component-surface; TASK-013:phase-prerequisite/component-surface; TASK-039:same-phase/integration-after-component-fixes; TASK-032:same-phase/integration-after-component-fixes
TASK-042,3,Phase 3 - Resolve and Typecheck,3,compiler/00_core + runtime/src/concurrency,compiler/00_core + runtime/src/concurrency,1,1,0,6276,"TASK-004,TASK-012,TASK-020,TASK-038,TASK-039",TASK-004:phase-prerequisite/component-surface; TASK-012:phase-prerequisite/component-surface; TASK-020:phase-prerequisite/component-surface; TASK-039:same-phase/integration-after-component-fixes; TASK-038:same-phase/integration-after-component-fixes
TASK-048,3,Phase 4 - Lower and Emit,4,compiler/05_codegen + compiler/06_driver,compiler/05_codegen + compiler/06_driver,7,7,0,"6761-6764,7546,7559,7808","TASK-032,TASK-043,TASK-066",TASK-032:phase-prerequisite/component-surface; TASK-043:same-phase/integration-after-component-fixes; TASK-066:same-phase/integration-after-component-fixes
TASK-050,3,Phase 4 - Lower and Emit,4,compiler/05_codegen + runtime/src/concurrency,compiler/05_codegen + runtime/src/concurrency,4,4,0,"7447-7448,8450-8451","TASK-037,TASK-043",TASK-037:phase-prerequisite/exact-surface; TASK-043:same-phase/integration-after-component-fixes
TASK-054,3,Phase 4 - Lower and Emit,4,compiler/00_core,compiler/00_core,2,2,0,"6784,8012","TASK-004,TASK-039",TASK-004:phase-prerequisite/exact-surface; TASK-039:phase-prerequisite/exact-surface
TASK-055,3,Phase 4 - Lower and Emit,4,compiler/01_project + compiler/05_codegen,compiler/01_project + compiler/05_codegen,2,2,0,"7803,7806","TASK-003,TASK-032,TASK-043,TASK-045",TASK-003:phase-prerequisite/component-surface; TASK-032:phase-prerequisite/component-surface; TASK-045:same-phase/integration-after-component-fixes; TASK-043:same-phase/integration-after-component-fixes
TASK-058,3,Phase 4 - Lower and Emit,4,compiler/05_codegen + runtime/include,compiler/05_codegen + runtime/include,2,2,0,7451-7452,"TASK-032,TASK-043",TASK-032:phase-prerequisite/component-surface; TASK-043:same-phase/integration-after-component-fixes
TASK-062,3,Phase 4 - Lower and Emit,4,compiler/01_project + compiler/05_codegen + compiler/06_driver,compiler/01_project + compiler/05_codegen + compiler/06_driver,1,1,0,7591,"TASK-003,TASK-032,TASK-043,TASK-045,TASK-066",TASK-003:phase-prerequisite/component-surface; TASK-032:phase-prerequisite/component-surface; TASK-045:same-phase/integration-after-component-fixes; TASK-043:same-phase/integration-after-component-fixes; TASK-066:same-phase/integration-after-component-fixes
TASK-064,3,Phase 4 - Lower and Emit,4,compiler/05_codegen + runtime/src/context,compiler/05_codegen + runtime/src/context,1,1,0,8231,"TASK-032,TASK-043,TASK-059",TASK-032:phase-prerequisite/component-surface; TASK-043:same-phase/integration-after-component-fixes; TASK-059:same-phase/integration-after-component-fixes
TASK-065,3,Phase 4 - Lower and Emit,4,compiler/05_codegen + runtime/src/core,compiler/05_codegen + runtime/src/core,1,1,0,6859,"TASK-032,TASK-043",TASK-032:phase-prerequisite/component-surface; TASK-043:same-phase/integration-after-component-fixes
TASK-067,3,Runtime / Non-Compilation Semantics,5,compiler/05_codegen,compiler/05_codegen,230,100,130,"8838,8840,8845,9339,9342-9344,9348,9350,9354-9360,9362-9375,9377-9390,9421,9423,9450,9452,9454,9457,9463-9464,9468-9472,9474-9480,9485,9488,9496-9497,9506,9520,9688,9690-9691,9702-9704,9711-9712,9715,9725-9726,9744,9756-9757,9766,9768-9769,9772,9781,9810,9847,9860,9863,9871,9888,9892-9893,9896-9897,9899,9902-9903,9923-9928,9939,9941-9945,9949,9959-9960,9969-9974,9976-9979,9999,10015-10018,10037,10040,10042-10044,10052,10077-10079,10088,10090,10092,10096-10101,10103-10105,10107-10108,10123,10134,10138-10140,10143-10145,10164,10166-10172,10175,10177-10178,10184,10215,10283,10312,10341,10375,10378,10380,10382-10386,10388-10396,10398,10402-10403,10407-10408,10411,10416-10441,10443,10445","TASK-032,TASK-043",TASK-032:phase-prerequisite/exact-surface; TASK-043:phase-prerequisite/exact-surface
TASK-099,3,Runtime / Non-Compilation Semantics,5,runtime/src/concurrency + runtime/src/context,runtime/src/concurrency + runtime/src/context,1,1,0,10232,"TASK-038,TASK-059,TASK-073,TASK-102",TASK-038:phase-prerequisite/component-surface; TASK-059:phase-prerequisite/component-surface; TASK-073:same-phase/integration-after-component-fixes; TASK-102:same-phase/integration-after-component-fixes
TASK-100,3,Runtime / Non-Compilation Semantics,5,runtime/src/concurrency + runtime/src/context + runtime/src/internal + runtime/src/io + runtime/src/network,runtime/src/concurrency + runtime/src/context + runtime/src/internal + runtime/src/io + runtime/src/network,1,1,0,8827,"TASK-038,TASK-059,TASK-073,TASK-075,TASK-102",TASK-038:phase-prerequisite/component-surface; TASK-059:phase-prerequisite/component-surface; TASK-073:same-phase/integration-after-component-fixes; TASK-102:same-phase/integration-after-component-fixes; TASK-075:same-phase/integration-after-component-fixes
TASK-101,3,Runtime / Non-Compilation Semantics,5,runtime/src/concurrency + runtime/src/context + runtime/src/io + runtime/src/network,runtime/src/concurrency + runtime/src/context + runtime/src/io + runtime/src/network,1,1,0,8823,"TASK-038,TASK-059,TASK-073,TASK-075,TASK-102",TASK-038:phase-prerequisite/component-surface; TASK-059:phase-prerequisite/component-surface; TASK-073:same-phase/integration-after-component-fixes; TASK-102:same-phase/integration-after-component-fixes; TASK-075:same-phase/integration-after-component-fixes
TASK-029,4,Phase 3 - Resolve and Typecheck,3,compiler/00_core + compiler/04_analysis,compiler/00_core + compiler/04_analysis,50,50,0,"3661,3678,3992,4140-4142,4195,4224,4243,4245,4299,4301,4600,4603,4717-4718,4745,4829,4982-4983,5175,5494,5500,5510,5801,5820,5918-5919,5922,5925,5952,5956,6010,6018,6053,6071-6072,6077,6100,6109,6144,6146,6346,6348,6351,6354,6366-6367,6501,6503","TASK-004,TASK-005,TASK-016,TASK-025,TASK-027,TASK-039",TASK-004:phase-prerequisite/component-surface; TASK-005:phase-prerequisite/component-surface; TASK-016:phase-prerequisite/exact-surface; TASK-025:phase-prerequisite/exact-surface; TASK-039:same-phase/integration-after-component-fixes; TASK-027:same-phase/integration-after-component-fixes
TASK-030,4,Phase 3 - Resolve and Typecheck,3,compiler/04_analysis + compiler/05_codegen,compiler/04_analysis + compiler/05_codegen,38,28,10,"4149,4173,4198,4217-4219,5040,5171,5244,5423-5424,5430-5431,5472,5586,5619,5945,5948,5965,5996,6000,6107,6114-6119,6121-6122,6125,6270,6621,6652,6655,6662,6667,6669","TASK-005,TASK-019,TASK-026,TASK-027,TASK-032",TASK-005:phase-prerequisite/component-surface; TASK-019:phase-prerequisite/exact-surface; TASK-026:phase-prerequisite/exact-surface; TASK-027:same-phase/integration-after-component-fixes; TASK-032:same-phase/integration-after-component-fixes
TASK-031,4,Phase 3 - Resolve and Typecheck,3,compiler/02_source + compiler/04_analysis,compiler/02_source + compiler/04_analysis,16,16,0,"3833,3852,3934,3938,4503,4539,4548-4550,4582,4589,5133,5135,5313,5416,6398","TASK-006,TASK-011,TASK-024,TASK-027,TASK-035",TASK-006:phase-prerequisite/exact-surface; TASK-011:phase-prerequisite/exact-surface; TASK-024:phase-prerequisite/exact-surface; TASK-035:same-phase/integration-after-component-fixes; TASK-027:same-phase/integration-after-component-fixes
TASK-033,4,Phase 3 - Resolve and Typecheck,3,compiler/04_analysis + compiler/05_codegen + runtime/src/concurrency,compiler/04_analysis + compiler/05_codegen + runtime/src/concurrency,3,2,1,"6254,6269,6271","TASK-005,TASK-010,TASK-013,TASK-020,TASK-023,TASK-027,TASK-032,TASK-038",TASK-005:phase-prerequisite/component-surface; TASK-010:phase-prerequisite/component-surface; TASK-013:phase-prerequisite/component-surface; TASK-020:phase-prerequisite/component-surface; TASK-023:phase-prerequisite/component-surface; TASK-027:same-phase/integration-after-component-fixes; TASK-032:same-phase/integration-after-component-fixes; TASK-038:same-phase/integration-after-component-fixes
TASK-034,4,Phase 3 - Resolve and Typecheck,3,compiler/00_core + compiler/02_source + compiler/04_analysis,compiler/00_core + compiler/02_source + compiler/04_analysis,2,2,0,"5507,5827","TASK-002,TASK-004,TASK-005,TASK-008,TASK-010,TASK-012,TASK-022,TASK-023,TASK-027,TASK-035,TASK-039",TASK-004:phase-prerequisite/component-surface; TASK-002:phase-prerequisite/component-surface; TASK-005:phase-prerequisite/component-surface; TASK-012:phase-prerequisite/component-surface; TASK-008:phase-prerequisite/component-surface; TASK-010:phase-prerequisite/component-surface; TASK-022:phase-prerequisite/component-surface; TASK-023:phase-prerequisite/component-surface; TASK-039:same-phase/integration-after-component-fixes; TASK-035:same-phase/integration-after-component-fixes; TASK-027:same-phase/integration-after-component-fixes
TASK-036,4,Phase 3 - Resolve and Typecheck,3,compiler/04_analysis + runtime/src/concurrency,compiler/04_analysis + runtime/src/concurrency,2,2,0,"4134,5989","TASK-005,TASK-010,TASK-020,TASK-023,TASK-027,TASK-038",TASK-005:phase-prerequisite/component-surface; TASK-010:phase-prerequisite/component-surface; TASK-020:phase-prerequisite/component-surface; TASK-023:phase-prerequisite/component-surface; TASK-027:same-phase/integration-after-component-fixes; TASK-038:same-phase/integration-after-component-fixes
TASK-040,4,Phase 3 - Resolve and Typecheck,3,compiler/00_core + compiler/02_source,compiler/00_core + compiler/02_source,1,1,0,4389,"TASK-002,TASK-004,TASK-015,TASK-022,TASK-035,TASK-039",TASK-004:phase-prerequisite/component-surface; TASK-002:phase-prerequisite/component-surface; TASK-015:phase-prerequisite/exact-surface; TASK-022:phase-prerequisite/component-surface; TASK-039:same-phase/integration-after-component-fixes; TASK-035:same-phase/integration-after-component-fixes
TASK-044,4,Phase 4 - Lower and Emit,4,unmapped/no-compiler-location,unmapped/no-compiler-location,310,0,310,"6754-6757,6769,6824,6885,6937,6982,7009-7012,7018,7075-7076,7082,7096-7097,7100-7101,7103,7116-7120,7125-7126,7139-7141,7147-7152,7163-7168,7183,7261-7263,7431,7446,7617,7622-7683,7687,7689-7699,7703,7705-7732,7739-7785,7788-7790,7945-7947,7953,7955-7957,8003-8004,8112,8122,8124,8153-8154,8174,8176-8177,8179-8180,8185-8195,8197,8203-8209,8212,8218,8223,8225-8226,8236,8239,8282-8285,8290,8297,8314-8327,8424,8426-8427,8452,8466-8467,8470-8474,8488,8544-8546,8549,8552,8585,8593,8600,8671,8673-8675,8681,8700,8707,8717,8720,8736,8742,8750,8761,8783-8790","TASK-001,TASK-028",TASK-001:phase-prerequisite/exact-surface; TASK-028:phase-prerequisite/exact-surface
TASK-047,4,Phase 4 - Lower and Emit,4,compiler/04_analysis,compiler/04_analysis,9,9,0,"6891,7060-7061,7067,7071,7222,7413,8165,8167","TASK-005,TASK-027",TASK-005:phase-prerequisite/exact-surface; TASK-027:phase-prerequisite/exact-surface
TASK-051,4,Phase 4 - Lower and Emit,4,compiler/00_core + compiler/01_project,compiler/00_core + compiler/01_project,3,3,0,"6785-6786,6848","TASK-003,TASK-004,TASK-039,TASK-045,TASK-054",TASK-004:phase-prerequisite/component-surface; TASK-003:phase-prerequisite/component-surface; TASK-039:phase-prerequisite/component-surface; TASK-054:same-phase/integration-after-component-fixes; TASK-045:same-phase/integration-after-component-fixes
TASK-052,4,Phase 4 - Lower and Emit,4,compiler/00_core + compiler/05_codegen,compiler/00_core + compiler/05_codegen,3,3,0,"7592,8246,8751","TASK-004,TASK-041,TASK-043,TASK-054",TASK-004:phase-prerequisite/component-surface; TASK-041:phase-prerequisite/exact-surface; TASK-054:same-phase/integration-after-component-fixes; TASK-043:same-phase/integration-after-component-fixes
TASK-053,4,Phase 4 - Lower and Emit,4,compiler/02_source,compiler/02_source,3,3,0,8044-8046,"TASK-002,TASK-035",TASK-002:phase-prerequisite/exact-surface; TASK-035:phase-prerequisite/exact-surface
TASK-072,4,Runtime / Non-Compilation Semantics,5,compiler/05_codegen + runtime/src/concurrency,compiler/05_codegen + runtime/src/concurrency,29,14,15,"8841,8859,10179-10181,10185,10192-10196,10209-10210,10217,10228-10229,10252,10254,10256-10265,10319","TASK-037,TASK-050,TASK-067,TASK-073",TASK-037:phase-prerequisite/exact-surface; TASK-050:phase-prerequisite/exact-surface; TASK-067:same-phase/integration-after-component-fixes; TASK-073:same-phase/integration-after-component-fixes
TASK-074,4,Runtime / Non-Compilation Semantics,5,compiler/05_codegen + runtime/src/memory,compiler/05_codegen + runtime/src/memory,13,8,5,"9420,9422,9439-9440,9443-9445,9685,9687,10397,10399-10401","TASK-032,TASK-043,TASK-067,TASK-070",TASK-032:phase-prerequisite/component-surface; TASK-043:phase-prerequisite/component-surface; TASK-067:same-phase/integration-after-component-fixes; TASK-070:same-phase/integration-after-component-fixes
TASK-080,4,Runtime / Non-Compilation Semantics,5,compiler/05_codegen + runtime/src/system,compiler/05_codegen + runtime/src/system,4,4,0,"9003,9006,9011,9057","TASK-032,TASK-043,TASK-067",TASK-032:phase-prerequisite/component-surface; TASK-043:phase-prerequisite/component-surface; TASK-067:same-phase/integration-after-component-fixes
TASK-081,4,Runtime / Non-Compilation Semantics,5,compiler/00_core,compiler/00_core,3,3,0,8874-8876,"TASK-004,TASK-039,TASK-054",TASK-004:phase-prerequisite/exact-surface; TASK-039:phase-prerequisite/exact-surface; TASK-054:phase-prerequisite/exact-surface
TASK-088,4,Runtime / Non-Compilation Semantics,5,compiler/05_codegen + runtime/src/context,compiler/05_codegen + runtime/src/context,2,2,0,"10238,10240","TASK-032,TASK-064,TASK-067,TASK-102",TASK-032:phase-prerequisite/component-surface; TASK-064:phase-prerequisite/exact-surface; TASK-067:same-phase/integration-after-component-fixes; TASK-102:same-phase/integration-after-component-fixes
TASK-093,4,Runtime / Non-Compilation Semantics,5,compiler/01_project + compiler/05_codegen,compiler/01_project + compiler/05_codegen,1,0,1,9728,"TASK-003,TASK-032,TASK-055,TASK-067",TASK-003:phase-prerequisite/component-surface; TASK-032:phase-prerequisite/component-surface; TASK-055:phase-prerequisite/exact-surface; TASK-067:same-phase/integration-after-component-fixes
TASK-098,4,Runtime / Non-Compilation Semantics,5,compiler/05_codegen + runtime/src/context + runtime/src/internal + runtime/src/network,compiler/05_codegen + runtime/src/context + runtime/src/internal + runtime/src/network,1,1,0,8824,"TASK-032,TASK-043,TASK-059,TASK-067,TASK-102",TASK-032:phase-prerequisite/component-surface; TASK-043:phase-prerequisite/component-surface; TASK-059:phase-prerequisite/component-surface; TASK-067:same-phase/integration-after-component-fixes; TASK-102:same-phase/integration-after-component-fixes
TASK-046,5,Phase 4 - Lower and Emit,4,compiler/04_analysis + compiler/05_codegen,compiler/04_analysis + compiler/05_codegen,23,21,2,"6857,7112,7114-7115,7128,7133-7136,7145,7210,7229-7230,7238,7415,7418-7419,7429,7504-7505,7563,8332-8333","TASK-005,TASK-030,TASK-043,TASK-047",TASK-005:phase-prerequisite/component-surface; TASK-030:phase-prerequisite/exact-surface; TASK-047:same-phase/integration-after-component-fixes; TASK-043:same-phase/integration-after-component-fixes
TASK-049,5,Phase 4 - Lower and Emit,4,compiler/02_source + compiler/05_codegen,compiler/02_source + compiler/05_codegen,6,6,0,"7289,7506,7509,7512-7513,7612","TASK-002,TASK-032,TASK-035,TASK-043,TASK-053",TASK-002:phase-prerequisite/component-surface; TASK-035:phase-prerequisite/component-surface; TASK-032:phase-prerequisite/component-surface; TASK-053:same-phase/integration-after-component-fixes; TASK-043:same-phase/integration-after-component-fixes
TASK-057,5,Phase 4 - Lower and Emit,4,compiler/02_source + compiler/04_analysis + compiler/05_codegen,compiler/02_source + compiler/04_analysis + compiler/05_codegen,2,2,0,"7511,8782","TASK-002,TASK-005,TASK-027,TASK-032,TASK-035,TASK-043,TASK-047,TASK-053",TASK-002:phase-prerequisite/component-surface; TASK-005:phase-prerequisite/component-surface; TASK-035:phase-prerequisite/component-surface; TASK-027:phase-prerequisite/component-surface; TASK-032:phase-prerequisite/component-surface; TASK-053:same-phase/integration-after-component-fixes; TASK-047:same-phase/integration-after-component-fixes; TASK-043:same-phase/integration-after-component-fixes
TASK-061,5,Phase 4 - Lower and Emit,4,compiler/00_core + compiler/04_analysis,compiler/00_core + compiler/04_analysis,1,1,0,7245,"TASK-004,TASK-005,TASK-029,TASK-047,TASK-054",TASK-004:phase-prerequisite/component-surface; TASK-005:phase-prerequisite/component-surface; TASK-029:phase-prerequisite/exact-surface; TASK-054:same-phase/integration-after-component-fixes; TASK-047:same-phase/integration-after-component-fixes
TASK-063,5,Phase 4 - Lower and Emit,4,compiler/04_analysis + runtime/src/concurrency,compiler/04_analysis + runtime/src/concurrency,1,1,0,7449,"TASK-005,TASK-036,TASK-047",TASK-005:phase-prerequisite/component-surface; TASK-036:phase-prerequisite/exact-surface; TASK-047:same-phase/integration-after-component-fixes
TASK-068,5,Runtime / Non-Compilation Semantics,5,unmapped/no-compiler-location,unmapped/no-compiler-location,112,0,112,"8807-8808,8826,8828,8836-8837,8839,8843-8844,8846-8847,8849-8853,8861,8903,8905-8909,8911-8920,8922,8926-8947,8958-8961,8971-8975,8979,8988-8990,8999-9002,9004-9005,9007,9012,9017-9018,9026-9027,9151-9153,9155-9162,9164-9165,9181-9184,9191-9202,9216,9252","TASK-001,TASK-028,TASK-044",TASK-001:phase-prerequisite/exact-surface; TASK-028:phase-prerequisite/exact-surface; TASK-044:phase-prerequisite/exact-surface
TASK-069,5,Runtime / Non-Compilation Semantics,5,compiler/04_analysis,compiler/04_analysis,39,26,13,"8791-8794,8806,9074,9096,9100,9124,9133,9139,9205,9207,9211,9213-9214,9250-9251,9255-9256,9267,9281,9288,9291,9294-9295,9316,9318-9320,9333,9723,10142,10147,10155-10156,10160,10225,10235","TASK-005,TASK-027,TASK-047",TASK-005:phase-prerequisite/exact-surface; TASK-027:phase-prerequisite/exact-surface; TASK-047:phase-prerequisite/exact-surface
TASK-082,5,Runtime / Non-Compilation Semantics,5,compiler/00_core + compiler/05_codegen,compiler/00_core + compiler/05_codegen,3,3,0,"8835,8867,8873","TASK-004,TASK-041,TASK-052,TASK-067,TASK-081",TASK-004:phase-prerequisite/component-surface; TASK-041:phase-prerequisite/exact-surface; TASK-052:phase-prerequisite/exact-surface; TASK-081:same-phase/integration-after-component-fixes; TASK-067:same-phase/integration-after-component-fixes
TASK-089,5,Runtime / Non-Compilation Semantics,5,compiler/00_core + compiler/01_project,compiler/00_core + compiler/01_project,1,1,0,8872,"TASK-003,TASK-004,TASK-039,TASK-051,TASK-081",TASK-004:phase-prerequisite/component-surface; TASK-003:phase-prerequisite/component-surface; TASK-039:phase-prerequisite/component-surface; TASK-051:phase-prerequisite/exact-surface; TASK-081:same-phase/integration-after-component-fixes
TASK-090,5,Runtime / Non-Compilation Semantics,5,compiler/00_core + compiler/01_project + compiler/05_codegen,compiler/00_core + compiler/01_project + compiler/05_codegen,1,1,0,8871,"TASK-003,TASK-004,TASK-032,TASK-039,TASK-043,TASK-045,TASK-054,TASK-067,TASK-081",TASK-004:phase-prerequisite/component-surface; TASK-003:phase-prerequisite/component-surface; TASK-039:phase-prerequisite/component-surface; TASK-032:phase-prerequisite/component-surface; TASK-054:phase-prerequisite/component-surface; TASK-045:phase-prerequisite/component-surface; TASK-043:phase-prerequisite/component-surface; TASK-081:same-phase/integration-after-component-fixes; TASK-067:same-phase/integration-after-component-fixes
TASK-092,5,Runtime / Non-Compilation Semantics,5,compiler/00_core + compiler/05_codegen + runtime/src/concurrency,compiler/00_core + compiler/05_codegen + runtime/src/concurrency,1,1,0,8829,"TASK-004,TASK-032,TASK-038,TASK-039,TASK-043,TASK-054,TASK-067,TASK-073,TASK-081",TASK-004:phase-prerequisite/component-surface; TASK-039:phase-prerequisite/component-surface; TASK-032:phase-prerequisite/component-surface; TASK-038:phase-prerequisite/component-surface; TASK-054:phase-prerequisite/component-surface; TASK-043:phase-prerequisite/component-surface; TASK-081:same-phase/integration-after-component-fixes; TASK-067:same-phase/integration-after-component-fixes; TASK-073:same-phase/integration-after-component-fixes
TASK-071,6,Runtime / Non-Compilation Semantics,5,compiler/04_analysis + compiler/05_codegen,compiler/04_analysis + compiler/05_codegen,34,9,25,"8810-8811,8842,8848,9695,9731,9770,9780,9791,9857,9883-9885,9901,9996,10117-10118,10124,10135-10137,10141,10149,10151-10154,10163,10165,10173-10174,10176,10182,10237","TASK-005,TASK-030,TASK-046,TASK-067,TASK-069",TASK-005:phase-prerequisite/component-surface; TASK-030:phase-prerequisite/exact-surface; TASK-046:phase-prerequisite/exact-surface; TASK-069:same-phase/integration-after-component-fixes; TASK-067:same-phase/integration-after-component-fixes
TASK-076,6,Runtime / Non-Compilation Semantics,5,compiler/04_analysis + compiler/05_codegen + runtime/src/concurrency,compiler/04_analysis + compiler/05_codegen + runtime/src/concurrency,6,2,4,"10183,10191,10199,10266-10267,10276","TASK-005,TASK-033,TASK-043,TASK-047,TASK-067,TASK-069,TASK-073",TASK-005:phase-prerequisite/component-surface; TASK-033:phase-prerequisite/exact-surface; TASK-047:phase-prerequisite/component-surface; TASK-043:phase-prerequisite/component-surface; TASK-069:same-phase/integration-after-component-fixes; TASK-067:same-phase/integration-after-component-fixes; TASK-073:same-phase/integration-after-component-fixes
TASK-077,6,Runtime / Non-Compilation Semantics,5,compiler/04_analysis + runtime/src/concurrency,compiler/04_analysis + runtime/src/concurrency,5,3,2,"10161,10255,10272,10288,10318","TASK-005,TASK-036,TASK-063,TASK-069,TASK-073",TASK-005:phase-prerequisite/component-surface; TASK-036:phase-prerequisite/exact-surface; TASK-063:phase-prerequisite/exact-surface; TASK-069:same-phase/integration-after-component-fixes; TASK-073:same-phase/integration-after-component-fixes
TASK-079,6,Runtime / Non-Compilation Semantics,5,compiler/04_analysis + runtime/src/context,compiler/04_analysis + runtime/src/context,4,3,1,"10223-10224,10227,10231","TASK-005,TASK-027,TASK-047,TASK-059,TASK-069,TASK-102",TASK-005:phase-prerequisite/component-surface; TASK-027:phase-prerequisite/component-surface; TASK-047:phase-prerequisite/component-surface; TASK-059:phase-prerequisite/component-surface; TASK-069:same-phase/integration-after-component-fixes; TASK-102:same-phase/integration-after-component-fixes
TASK-083,6,Runtime / Non-Compilation Semantics,5,compiler/02_source + compiler/04_analysis,compiler/02_source + compiler/04_analysis,3,3,0,9310-9312,"TASK-006,TASK-031,TASK-047,TASK-053,TASK-069",TASK-006:phase-prerequisite/exact-surface; TASK-031:phase-prerequisite/exact-surface; TASK-053:phase-prerequisite/component-surface; TASK-047:phase-prerequisite/component-surface; TASK-069:same-phase/integration-after-component-fixes
TASK-086,6,Runtime / Non-Compilation Semantics,5,compiler/00_core + compiler/04_analysis,compiler/00_core + compiler/04_analysis,2,1,1,"8809,9710","TASK-004,TASK-005,TASK-029,TASK-061,TASK-069,TASK-081",TASK-004:phase-prerequisite/component-surface; TASK-005:phase-prerequisite/component-surface; TASK-029:phase-prerequisite/exact-surface; TASK-061:phase-prerequisite/exact-surface; TASK-081:same-phase/integration-after-component-fixes; TASK-069:same-phase/integration-after-component-fixes
TASK-087,6,Runtime / Non-Compilation Semantics,5,compiler/02_source + compiler/05_codegen,compiler/02_source + compiler/05_codegen,2,1,1,"10125,10150","TASK-002,TASK-032,TASK-035,TASK-049,TASK-067",TASK-002:phase-prerequisite/component-surface; TASK-035:phase-prerequisite/component-surface; TASK-032:phase-prerequisite/component-surface; TASK-049:phase-prerequisite/exact-surface; TASK-067:same-phase/integration-after-component-fixes
TASK-091,6,Runtime / Non-Compilation Semantics,5,compiler/00_core + compiler/04_analysis + compiler/05_codegen,compiler/00_core + compiler/04_analysis + compiler/05_codegen,1,0,1,9714,"TASK-004,TASK-005,TASK-027,TASK-032,TASK-039,TASK-043,TASK-047,TASK-054,TASK-067,TASK-069,TASK-081",TASK-004:phase-prerequisite/component-surface; TASK-005:phase-prerequisite/component-surface; TASK-039:phase-prerequisite/component-surface; TASK-027:phase-prerequisite/component-surface; TASK-032:phase-prerequisite/component-surface; TASK-054:phase-prerequisite/component-surface; TASK-047:phase-prerequisite/component-surface; TASK-043:phase-prerequisite/component-surface; TASK-081:same-phase/integration-after-component-fixes; TASK-069:same-phase/integration-after-component-fixes; TASK-067:same-phase/integration-after-component-fixes
TASK-094,6,Runtime / Non-Compilation Semantics,5,compiler/02_source + compiler/04_analysis + compiler/05_codegen,compiler/02_source + compiler/04_analysis + compiler/05_codegen,1,0,1,10148,"TASK-002,TASK-005,TASK-027,TASK-032,TASK-035,TASK-057,TASK-067,TASK-069",TASK-002:phase-prerequisite/component-surface; TASK-005:phase-prerequisite/component-surface; TASK-035:phase-prerequisite/component-surface; TASK-027:phase-prerequisite/component-surface; TASK-032:phase-prerequisite/component-surface; TASK-057:phase-prerequisite/exact-surface; TASK-069:same-phase/integration-after-component-fixes; TASK-067:same-phase/integration-after-component-fixes
TASK-095,6,Runtime / Non-Compilation Semantics,5,compiler/04_analysis + compiler/05_codegen + runtime/src/context,compiler/04_analysis + compiler/05_codegen + runtime/src/context,1,1,0,10234,"TASK-005,TASK-027,TASK-032,TASK-043,TASK-047,TASK-059,TASK-067,TASK-069,TASK-102",TASK-005:phase-prerequisite/component-surface; TASK-027:phase-prerequisite/component-surface; TASK-032:phase-prerequisite/component-surface; TASK-047:phase-prerequisite/component-surface; TASK-043:phase-prerequisite/component-surface; TASK-059:phase-prerequisite/component-surface; TASK-069:same-phase/integration-after-component-fixes; TASK-067:same-phase/integration-after-component-fixes; TASK-102:same-phase/integration-after-component-fixes
TASK-096,6,Runtime / Non-Compilation Semantics,5,compiler/04_analysis + compiler/05_codegen + runtime/src/network,compiler/04_analysis + compiler/05_codegen + runtime/src/network,1,1,0,9015,"TASK-005,TASK-027,TASK-032,TASK-043,TASK-047,TASK-067,TASK-069",TASK-005:phase-prerequisite/component-surface; TASK-027:phase-prerequisite/component-surface; TASK-032:phase-prerequisite/component-surface; TASK-047:phase-prerequisite/component-surface; TASK-043:phase-prerequisite/component-surface; TASK-069:same-phase/integration-after-component-fixes; TASK-067:same-phase/integration-after-component-fixes
TASK-097,6,Runtime / Non-Compilation Semantics,5,compiler/04_analysis + runtime/src/concurrency + runtime/src/context,compiler/04_analysis + runtime/src/concurrency + runtime/src/context,1,0,1,10226,"TASK-005,TASK-027,TASK-038,TASK-047,TASK-059,TASK-069,TASK-073,TASK-102",TASK-005:phase-prerequisite/component-surface; TASK-027:phase-prerequisite/component-surface; TASK-038:phase-prerequisite/component-surface; TASK-047:phase-prerequisite/component-surface; TASK-059:phase-prerequisite/component-surface; TASK-069:same-phase/integration-after-component-fixes; TASK-073:same-phase/integration-after-component-fixes; TASK-102:same-phase/integration-after-component-fixes
